{
    "bounds": {"extents": [0, 4.5, 0, 6.5, 0, 3.0]},
    "blocks": [
        {"extents": [0.0, 0.5, 0.0, 0.5, 0, 3.0], "color": [1, 0, 0]},
        {"extents": [0.0, 0.5, 2.0, 2.5, 0, 3.0], "color": [1, 0, 0]},
        {"extents": [0.0, 0.5, 4.0, 4.5, 0, 3.0], "color": [1, 0, 0]},
        {"extents": [0.0, 0.5, 6.0, 6.5, 0, 3.0], "color": [1, 0, 0]},
        {"extents": [2.0, 2.5, 0.0, 0.5, 0, 3.0], "color": [1, 0, 0]},
        {"extents": [2.0, 2.5, 2.0, 2.5, 0, 3.0], "color": [1, 0, 0]},
        {"extents": [2.0, 2.5, 4.0, 4.5, 0, 3.0], "color": [1, 0, 0]},
        {"extents": [2.0, 2.5, 6.0, 6.5, 0, 3.0], "color": [1, 0, 0]},
        {"extents": [4.0, 4.5, 0.0, 0.5, 0, 3.0], "color": [1, 0, 0]},
        {"extents": [4.0, 4.5, 2.0, 2.5, 0, 3.0], "color": [1, 0, 0]},
        {"extents": [4.0, 4.5, 4.0, 4.5, 0, 3.0], "color": [1, 0, 0]},
        {"extents": [4.0, 4.5, 6.0, 6.5, 0, 3.0], "color": [1, 0, 0]}
    ]
}